{
  "": {
    "swift-dependencies": "/Users/kathleendiep/dev/iosDevelopment/project/WoofCommunity-swiftui/WoofCommunity/.build/x86_64-apple-macosx/debug/WoofCommunityTests.build/master.swiftdeps"
  },
  "/Users/kathleendiep/dev/iosDevelopment/project/WoofCommunity-swiftui/WoofCommunity/Tests/WoofCommunityTests/WoofCommunityTests.swift": {
    "dependencies": "/Users/kathleendiep/dev/iosDevelopment/project/WoofCommunity-swiftui/WoofCommunity/.build/x86_64-apple-macosx/debug/WoofCommunityTests.build/WoofCommunityTests.d",
    "object": "/Users/kathleendiep/dev/iosDevelopment/project/WoofCommunity-swiftui/WoofCommunity/.build/x86_64-apple-macosx/debug/WoofCommunityTests.build/WoofCommunityTests.swift.o",
    "swiftmodule": "/Users/kathleendiep/dev/iosDevelopment/project/WoofCommunity-swiftui/WoofCommunity/.build/x86_64-apple-macosx/debug/WoofCommunityTests.build/WoofCommunityTests~partial.swiftmodule",
    "swift-dependencies": "/Users/kathleendiep/dev/iosDevelopment/project/WoofCommunity-swiftui/WoofCommunity/.build/x86_64-apple-macosx/debug/WoofCommunityTests.build/WoofCommunityTests.swiftdeps"
  }
}
