{
  "builtTestProducts" : [
    {
      "binaryPath" : "/Users/kathleendiep/dev/iosDevelopment/project/WoofCommunity-swiftui/WoofCommunity/.build/x86_64-apple-macosx/debug/WoofCommunityPackageTests.xctest/Contents/MacOS/WoofCommunityPackageTests",
      "productName" : "WoofCommunityPackageTests"
    }
  ],
  "copyCommands" : {

  },
  "pluginDescriptions" : [

  ],
  "swiftCommands" : {
    "C.WoofCommunity-debug.module" : {
      "executable" : "/Applications/Xcode.app/Contents/Developer/Toolchains/XcodeDefault.xctoolchain/usr/bin/swiftc",
      "importPath" : "/Users/kathleendiep/dev/iosDevelopment/project/WoofCommunity-swiftui/WoofCommunity/.build/x86_64-apple-macosx/debug",
      "inputs" : [
        {
          "kind" : "file",
          "name" : "/Users/kathleendiep/dev/iosDevelopment/project/WoofCommunity-swiftui/WoofCommunity/Sources/WoofCommunity/main.swift"
        }
      ],
      "isLibrary" : false,
      "moduleName" : "WoofCommunity",
      "moduleOutputPath" : "/Users/kathleendiep/dev/iosDevelopment/project/WoofCommunity-swiftui/WoofCommunity/.build/x86_64-apple-macosx/debug/WoofCommunity.swiftmodule",
      "objects" : [
        "/Users/kathleendiep/dev/iosDevelopment/project/WoofCommunity-swiftui/WoofCommunity/.build/x86_64-apple-macosx/debug/WoofCommunity.build/main.swift.o"
      ],
      "otherArguments" : [
        "-target",
        "x86_64-apple-macosx10.10",
        "-swift-version",
        "5",
        "-enable-batch-mode",
        "-index-store-path",
        "/Users/kathleendiep/dev/iosDevelopment/project/WoofCommunity-swiftui/WoofCommunity/.build/x86_64-apple-macosx/debug/index/store",
        "-Onone",
        "-enable-testing",
        "-g",
        "-j4",
        "-DSWIFT_PACKAGE",
        "-DDEBUG",
        "-module-cache-path",
        "/Users/kathleendiep/dev/iosDevelopment/project/WoofCommunity-swiftui/WoofCommunity/.build/x86_64-apple-macosx/debug/ModuleCache",
        "-parseable-output",
        "-Xfrontend",
        "-entry-point-function-name",
        "-Xfrontend",
        "WoofCommunity_main",
        "-color-diagnostics",
        "-sdk",
        "/Applications/Xcode.app/Contents/Developer/Platforms/MacOSX.platform/Developer/SDKs/MacOSX12.3.sdk",
        "-F",
        "/Applications/Xcode.app/Contents/Developer/Platforms/MacOSX.platform/Developer/Library/Frameworks",
        "-I",
        "/Applications/Xcode.app/Contents/Developer/Platforms/MacOSX.platform/Developer/usr/lib",
        "-L",
        "/Applications/Xcode.app/Contents/Developer/Platforms/MacOSX.platform/Developer/usr/lib"
      ],
      "outputs" : [
        {
          "kind" : "file",
          "name" : "/Users/kathleendiep/dev/iosDevelopment/project/WoofCommunity-swiftui/WoofCommunity/.build/x86_64-apple-macosx/debug/WoofCommunity.build/main.swift.o"
        },
        {
          "kind" : "file",
          "name" : "/Users/kathleendiep/dev/iosDevelopment/project/WoofCommunity-swiftui/WoofCommunity/.build/x86_64-apple-macosx/debug/WoofCommunity.swiftmodule"
        }
      ],
      "sources" : [
        "/Users/kathleendiep/dev/iosDevelopment/project/WoofCommunity-swiftui/WoofCommunity/Sources/WoofCommunity/main.swift"
      ],
      "tempsPath" : "/Users/kathleendiep/dev/iosDevelopment/project/WoofCommunity-swiftui/WoofCommunity/.build/x86_64-apple-macosx/debug/WoofCommunity.build",
      "wholeModuleOptimization" : false
    },
    "C.WoofCommunityTests-debug.module" : {
      "executable" : "/Applications/Xcode.app/Contents/Developer/Toolchains/XcodeDefault.xctoolchain/usr/bin/swiftc",
      "importPath" : "/Users/kathleendiep/dev/iosDevelopment/project/WoofCommunity-swiftui/WoofCommunity/.build/x86_64-apple-macosx/debug",
      "inputs" : [
        {
          "kind" : "file",
          "name" : "/Users/kathleendiep/dev/iosDevelopment/project/WoofCommunity-swiftui/WoofCommunity/Tests/WoofCommunityTests/WoofCommunityTests.swift"
        },
        {
          "kind" : "file",
          "name" : "/Users/kathleendiep/dev/iosDevelopment/project/WoofCommunity-swiftui/WoofCommunity/.build/x86_64-apple-macosx/debug/WoofCommunity"
        }
      ],
      "isLibrary" : true,
      "moduleName" : "WoofCommunityTests",
      "moduleOutputPath" : "/Users/kathleendiep/dev/iosDevelopment/project/WoofCommunity-swiftui/WoofCommunity/.build/x86_64-apple-macosx/debug/WoofCommunityTests.swiftmodule",
      "objects" : [
        "/Users/kathleendiep/dev/iosDevelopment/project/WoofCommunity-swiftui/WoofCommunity/.build/x86_64-apple-macosx/debug/WoofCommunityTests.build/WoofCommunityTests.swift.o"
      ],
      "otherArguments" : [
        "-target",
        "x86_64-apple-macosx11.0",
        "-swift-version",
        "5",
        "-enable-batch-mode",
        "-index-store-path",
        "/Users/kathleendiep/dev/iosDevelopment/project/WoofCommunity-swiftui/WoofCommunity/.build/x86_64-apple-macosx/debug/index/store",
        "-Onone",
        "-enable-testing",
        "-g",
        "-j4",
        "-DSWIFT_PACKAGE",
        "-DDEBUG",
        "-module-cache-path",
        "/Users/kathleendiep/dev/iosDevelopment/project/WoofCommunity-swiftui/WoofCommunity/.build/x86_64-apple-macosx/debug/ModuleCache",
        "-parseable-output",
        "-parse-as-library",
        "-color-diagnostics",
        "-sdk",
        "/Applications/Xcode.app/Contents/Developer/Platforms/MacOSX.platform/Developer/SDKs/MacOSX12.3.sdk",
        "-F",
        "/Applications/Xcode.app/Contents/Developer/Platforms/MacOSX.platform/Developer/Library/Frameworks",
        "-I",
        "/Applications/Xcode.app/Contents/Developer/Platforms/MacOSX.platform/Developer/usr/lib",
        "-L",
        "/Applications/Xcode.app/Contents/Developer/Platforms/MacOSX.platform/Developer/usr/lib"
      ],
      "outputs" : [
        {
          "kind" : "file",
          "name" : "/Users/kathleendiep/dev/iosDevelopment/project/WoofCommunity-swiftui/WoofCommunity/.build/x86_64-apple-macosx/debug/WoofCommunityTests.build/WoofCommunityTests.swift.o"
        },
        {
          "kind" : "file",
          "name" : "/Users/kathleendiep/dev/iosDevelopment/project/WoofCommunity-swiftui/WoofCommunity/.build/x86_64-apple-macosx/debug/WoofCommunityTests.swiftmodule"
        }
      ],
      "sources" : [
        "/Users/kathleendiep/dev/iosDevelopment/project/WoofCommunity-swiftui/WoofCommunity/Tests/WoofCommunityTests/WoofCommunityTests.swift"
      ],
      "tempsPath" : "/Users/kathleendiep/dev/iosDevelopment/project/WoofCommunity-swiftui/WoofCommunity/.build/x86_64-apple-macosx/debug/WoofCommunityTests.build",
      "wholeModuleOptimization" : false
    }
  },
  "swiftFrontendCommands" : {

  },
  "testDiscoveryCommands" : {

  }
}