{
  "kind": "Root",
  "name": "TopLevel",
  "printedName": "TopLevel",
  "children": [
    {
      "kind": "Import",
      "name": "XCTest",
      "printedName": "XCTest",
      "declKind": "Import",
      "moduleName": "WoofCommunityTests"
    },
    {
      "kind": "Import",
      "name": "Foundation",
      "printedName": "Foundation",
      "declKind": "Import",
      "moduleName": "WoofCommunityTests"
    },
    {
      "kind": "TypeDecl",
      "name": "WoofCommunityTests",
      "printedName": "WoofCommunityTests",
      "children": [
        {
          "kind": "Function",
          "name": "testExample",
          "printedName": "testExample()",
          "children": [
            {
              "kind": "TypeNominal",
              "name": "Void",
              "printedName": "()"
            }
          ],
          "declKind": "Func",
          "usr": "c:@M@WoofCommunityTests@objc(cs)WoofCommunityTests(im)testExampleAndReturnError:",
          "mangledName": "$s18WoofCommunityTestsAAC11testExampleyyKF",
          "moduleName": "WoofCommunityTests",
          "declAttributes": [
            "Final",
            "ObjC"
          ],
          "throwing": true,
          "funcSelfKind": "NonMutating"
        },
        {
          "kind": "Var",
          "name": "productsDirectory",
          "printedName": "productsDirectory",
          "children": [
            {
              "kind": "TypeNominal",
              "name": "URL",
              "printedName": "Foundation.URL",
              "usr": "s:10Foundation3URLV"
            }
          ],
          "declKind": "Var",
          "usr": "c:@M@WoofCommunityTests@objc(cs)WoofCommunityTests(py)productsDirectory",
          "mangledName": "$s18WoofCommunityTestsAAC17productsDirectory10Foundation3URLVvp",
          "moduleName": "WoofCommunityTests",
          "declAttributes": [
            "Final",
            "RawDocComment",
            "ObjC"
          ],
          "accessors": [
            {
              "kind": "Accessor",
              "name": "Get",
              "printedName": "Get()",
              "children": [
                {
                  "kind": "TypeNominal",
                  "name": "URL",
                  "printedName": "Foundation.URL",
                  "usr": "s:10Foundation3URLV"
                }
              ],
              "declKind": "Accessor",
              "usr": "c:@M@WoofCommunityTests@objc(cs)WoofCommunityTests(im)productsDirectory",
              "mangledName": "$s18WoofCommunityTestsAAC17productsDirectory10Foundation3URLVvg",
              "moduleName": "WoofCommunityTests",
              "declAttributes": [
                "Final",
                "ObjC"
              ],
              "accessorKind": "get"
            }
          ]
        },
        {
          "kind": "Constructor",
          "name": "init",
          "printedName": "init(invocation:)",
          "children": [
            {
              "kind": "TypeNominal",
              "name": "WoofCommunityTests",
              "printedName": "WoofCommunityTests.WoofCommunityTests",
              "usr": "c:@M@WoofCommunityTests@objc(cs)WoofCommunityTests"
            },
            {
              "kind": "TypeNominal",
              "name": "Optional",
              "printedName": "Foundation.NSInvocation?",
              "children": [
                {
                  "kind": "TypeNominal",
                  "name": "NSInvocation",
                  "printedName": "Foundation.NSInvocation",
                  "usr": "c:objc(cs)NSInvocation"
                }
              ],
              "usr": "s:Sq"
            }
          ],
          "declKind": "Constructor",
          "usr": "c:@M@WoofCommunityTests@objc(cs)WoofCommunityTests(im)initWithInvocation:",
          "mangledName": "$s18WoofCommunityTestsAAC10invocationABSo12NSInvocationCSg_tcfc",
          "moduleName": "WoofCommunityTests",
          "overriding": true,
          "implicit": true,
          "objc_name": "initWithInvocation:",
          "declAttributes": [
            "Dynamic",
            "ObjC",
            "Override"
          ],
          "init_kind": "Designated"
        },
        {
          "kind": "Constructor",
          "name": "init",
          "printedName": "init(selector:)",
          "children": [
            {
              "kind": "TypeNominal",
              "name": "WoofCommunityTests",
              "printedName": "WoofCommunityTests.WoofCommunityTests",
              "usr": "c:@M@WoofCommunityTests@objc(cs)WoofCommunityTests"
            },
            {
              "kind": "TypeNominal",
              "name": "Selector",
              "printedName": "ObjectiveC.Selector",
              "usr": "s:10ObjectiveC8SelectorV"
            }
          ],
          "declKind": "Constructor",
          "usr": "c:@M@WoofCommunityTests@objc(cs)WoofCommunityTests(im)initWithSelector:",
          "mangledName": "$s18WoofCommunityTestsAAC8selectorAB10ObjectiveC8SelectorV_tcfc",
          "moduleName": "WoofCommunityTests",
          "overriding": true,
          "implicit": true,
          "objc_name": "initWithSelector:",
          "declAttributes": [
            "Dynamic",
            "ObjC",
            "Override"
          ],
          "init_kind": "Designated"
        },
        {
          "kind": "Constructor",
          "name": "init",
          "printedName": "init()",
          "children": [
            {
              "kind": "TypeNominal",
              "name": "WoofCommunityTests",
              "printedName": "WoofCommunityTests.WoofCommunityTests",
              "usr": "c:@M@WoofCommunityTests@objc(cs)WoofCommunityTests"
            }
          ],
          "declKind": "Constructor",
          "usr": "c:@M@WoofCommunityTests@objc(cs)WoofCommunityTests(im)init",
          "mangledName": "$s18WoofCommunityTestsAACABycfc",
          "moduleName": "WoofCommunityTests",
          "overriding": true,
          "implicit": true,
          "objc_name": "init",
          "declAttributes": [
            "Dynamic",
            "ObjC",
            "Override"
          ],
          "init_kind": "Designated"
        }
      ],
      "declKind": "Class",
      "usr": "c:@M@WoofCommunityTests@objc(cs)WoofCommunityTests",
      "mangledName": "$s18WoofCommunityTestsAAC",
      "moduleName": "WoofCommunityTests",
      "declAttributes": [
        "Final",
        "ObjC"
      ],
      "superclassUsr": "c:objc(cs)XCTestCase",
      "inheritsConvenienceInitializers": true,
      "superclassNames": [
        "XCTest.XCTestCase",
        "XCTest.XCTest",
        "ObjectiveC.NSObject"
      ],
      "conformances": [
        {
          "kind": "Conformance",
          "name": "Equatable",
          "printedName": "Equatable",
          "usr": "s:SQ",
          "mangledName": "$sSQ"
        },
        {
          "kind": "Conformance",
          "name": "Hashable",
          "printedName": "Hashable",
          "usr": "s:SH",
          "mangledName": "$sSH"
        },
        {
          "kind": "Conformance",
          "name": "CVarArg",
          "printedName": "CVarArg",
          "usr": "s:s7CVarArgP",
          "mangledName": "$ss7CVarArgP"
        },
        {
          "kind": "Conformance",
          "name": "_KeyValueCodingAndObservingPublishing",
          "printedName": "_KeyValueCodingAndObservingPublishing",
          "usr": "s:10Foundation37_KeyValueCodingAndObservingPublishingP",
          "mangledName": "$s10Foundation37_KeyValueCodingAndObservingPublishingP"
        },
        {
          "kind": "Conformance",
          "name": "_KeyValueCodingAndObserving",
          "printedName": "_KeyValueCodingAndObserving",
          "usr": "s:10Foundation27_KeyValueCodingAndObservingP",
          "mangledName": "$s10Foundation27_KeyValueCodingAndObservingP"
        },
        {
          "kind": "Conformance",
          "name": "CustomStringConvertible",
          "printedName": "CustomStringConvertible",
          "usr": "s:s23CustomStringConvertibleP",
          "mangledName": "$ss23CustomStringConvertibleP"
        },
        {
          "kind": "Conformance",
          "name": "CustomDebugStringConvertible",
          "printedName": "CustomDebugStringConvertible",
          "usr": "s:s28CustomDebugStringConvertibleP",
          "mangledName": "$ss28CustomDebugStringConvertibleP"
        }
      ]
    }
  ],
  "json_format_version": 6
}