{
  "": {
    "swift-dependencies": "/Users/kathleendiep/dev/iosDevelopment/project/WoofCommunity-swiftui/WoofCommunity/.build/x86_64-apple-macosx/debug/WoofCommunity.build/master.swiftdeps"
  },
  "/Users/kathleendiep/dev/iosDevelopment/project/WoofCommunity-swiftui/WoofCommunity/Sources/WoofCommunity/main.swift": {
    "dependencies": "/Users/kathleendiep/dev/iosDevelopment/project/WoofCommunity-swiftui/WoofCommunity/.build/x86_64-apple-macosx/debug/WoofCommunity.build/main.d",
    "object": "/Users/kathleendiep/dev/iosDevelopment/project/WoofCommunity-swiftui/WoofCommunity/.build/x86_64-apple-macosx/debug/WoofCommunity.build/main.swift.o",
    "swiftmodule": "/Users/kathleendiep/dev/iosDevelopment/project/WoofCommunity-swiftui/WoofCommunity/.build/x86_64-apple-macosx/debug/WoofCommunity.build/main~partial.swiftmodule",
    "swift-dependencies": "/Users/kathleendiep/dev/iosDevelopment/project/WoofCommunity-swiftui/WoofCommunity/.build/x86_64-apple-macosx/debug/WoofCommunity.build/main.swiftdeps"
  }
}
